[
 {
   "AMAZONAS": "AMAZONAS",
   "CHACHAPOYAS": "CHACHAPOYAS",
   "MUNICIPALIDAD PROVINCIAL DE CHACHAPOYAS": "MUNICIPALIDAD DISTRITAL DE CHILIQUIN"
 },
 {
   "AMAZONAS": "AMAZONAS",
   "CHACHAPOYAS": "BONGARA",
   "MUNICIPALIDAD PROVINCIAL DE CHACHAPOYAS": "MUNICIPALIDAD PROVINCIAL DE BONGARA - JUMBILLA"
 },
 {
   "AMAZONAS": "AMAZONAS",
   "CHACHAPOYAS": "BONGARA",
   "MUNICIPALIDAD PROVINCIAL DE CHACHAPOYAS": "MUNICIPALIDAD DISTRITAL DE VALERA"
 },
 {
   "AMAZONAS": "AMAZONAS",
   "CHACHAPOYAS": "CONDORCANQUI",
   "MUNICIPALIDAD PROVINCIAL DE CHACHAPOYAS": "MUNICIPALIDAD PROVINCIAL DE CONDORCANQUI - NIEVA"
 },
 {
   "AMAZONAS": "AMAZONAS",
   "CHACHAPOYAS": "CONDORCANQUI",
   "MUNICIPALIDAD PROVINCIAL DE CHACHAPOYAS": "MUNICIPALIDAD DISTRITAL DE RIO SANTIAGO"
 },
 {
   "AMAZONAS": "AMAZONAS",
   "CHACHAPOYAS": "LUYA",
   "MUNICIPALIDAD PROVINCIAL DE CHACHAPOYAS": "MUNICIPALIDAD DISTRITAL DE MARIA"
 },
 {
   "AMAZONAS": "AMAZONAS",
   "CHACHAPOYAS": "RODRIGUEZ DE MENDOZA",
   "MUNICIPALIDAD PROVINCIAL DE CHACHAPOYAS": "MUNICIPALIDAD DISTRITAL DE LIMABAMBA"
 },
 {
   "AMAZONAS": "AMAZONAS",
   "CHACHAPOYAS": "UCTUBAMBA",
   "MUNICIPALIDAD PROVINCIAL DE CHACHAPOYAS": "MUNICIPALIDAD PROVINCIAL DE UTCUBAMBA - BAGUA GRANDE"
 },
 {
   "AMAZONAS": "AMAZONAS",
   "CHACHAPOYAS": "UCTUBAMBA",
   "MUNICIPALIDAD PROVINCIAL DE CHACHAPOYAS": "MUNICIPALIDAD DISTRITAL DE JAMALCA"
 },
 {
   "AMAZONAS": "ANCASH",
   "CHACHAPOYAS": "HUARAZ",
   "MUNICIPALIDAD PROVINCIAL DE CHACHAPOYAS": "MUNICIPALIDAD PROVINCIAL DE HUARAZ"
 },
 {
   "AMAZONAS": "ANCASH",
   "CHACHAPOYAS": "HUARAZ",
   "MUNICIPALIDAD PROVINCIAL DE CHACHAPOYAS": "MUNICIPALIDAD DISTRITAL DE INDEPENDENCIA"
 },
 {
   "AMAZONAS": "ANCASH",
   "CHACHAPOYAS": "CARLOS FERMIN FITZCARRALD",
   "MUNICIPALIDAD PROVINCIAL DE CHACHAPOYAS": "MUNICIPALIDAD PROVINCIAL DE CARLOS FERMIN FITZCARRALD"
 },
 {
   "AMAZONAS": "ANCASH",
   "CHACHAPOYAS": "CASMA",
   "MUNICIPALIDAD PROVINCIAL DE CHACHAPOYAS": "MUNICIPALIDAD PROVINCIAL DE CASMA"
 },
 {
   "AMAZONAS": "ANCASH",
   "CHACHAPOYAS": "HUARI",
   "MUNICIPALIDAD PROVINCIAL DE CHACHAPOYAS": "MUNICIPALIDAD PROVINCIAL DE HUARI"
 },
 {
   "AMAZONAS": "ANCASH",
   "CHACHAPOYAS": "HUARI",
   "MUNICIPALIDAD PROVINCIAL DE CHACHAPOYAS": "MUNICIPALIDAD DISTRITAL DE CAJAY"
 },
 {
   "AMAZONAS": "ANCASH",
   "CHACHAPOYAS": "HUARI",
   "MUNICIPALIDAD PROVINCIAL DE CHACHAPOYAS": "MUNICIPALIDAD DISTRITAL DE CHAVIN DE HUANTAR"
 },
 {
   "AMAZONAS": "ANCASH",
   "CHACHAPOYAS": "HUARI",
   "MUNICIPALIDAD PROVINCIAL DE CHACHAPOYAS": "MUNICIPALIDAD DISTRITAL DE HUACACHI"
 },
 {
   "AMAZONAS": "ANCASH",
   "CHACHAPOYAS": "HUARI",
   "MUNICIPALIDAD PROVINCIAL DE CHACHAPOYAS": "MUNICIPALIDAD DISTRITAL DE HUACHIS"
 },
 {
   "AMAZONAS": "ANCASH",
   "CHACHAPOYAS": "HUARI",
   "MUNICIPALIDAD PROVINCIAL DE CHACHAPOYAS": "MUNICIPALIDAD DISTRITAL DE PONTO"
 },
 {
   "AMAZONAS": "ANCASH",
   "CHACHAPOYAS": "HUARI",
   "MUNICIPALIDAD PROVINCIAL DE CHACHAPOYAS": "MUNICIPALIDAD DISTRITAL DE SAN MARCOS"
 },
 {
   "AMAZONAS": "ANCASH",
   "CHACHAPOYAS": "HUARMEY",
   "MUNICIPALIDAD PROVINCIAL DE CHACHAPOYAS": "MUNICIPALIDAD PROVINCIAL DE HUARMEY"
 },
 {
   "AMAZONAS": "ANCASH",
   "CHACHAPOYAS": "HUAYLAS",
   "MUNICIPALIDAD PROVINCIAL DE CHACHAPOYAS": "MUNICIPALIDAD PROVINCIAL DE HUAYLAS - CARAZ"
 },
 {
   "AMAZONAS": "ANCASH",
   "CHACHAPOYAS": "HUAYLAS",
   "MUNICIPALIDAD PROVINCIAL DE CHACHAPOYAS": "MUNICIPALIDAD DISTRITAL DE PAMPAROMAS"
 },
 {
   "AMAZONAS": "ANCASH",
   "CHACHAPOYAS": "SANTA",
   "MUNICIPALIDAD PROVINCIAL DE CHACHAPOYAS": "MUNICIPALIDAD PROVINCIAL DEL SANTA - CHIMBOTE"
 },
 {
   "AMAZONAS": "ANCASH",
   "CHACHAPOYAS": "SANTA",
   "MUNICIPALIDAD PROVINCIAL DE CHACHAPOYAS": "MUNICIPALIDAD DISTRITAL DE NEPEÑA"
 },
 {
   "AMAZONAS": "ANCASH",
   "CHACHAPOYAS": "SANTA",
   "MUNICIPALIDAD PROVINCIAL DE CHACHAPOYAS": "MUNICIPALIDAD DISTRITAL DE NUEVO CHIMBOTE"
 },
 {
   "AMAZONAS": "ANCASH",
   "CHACHAPOYAS": "YUNGAY",
   "MUNICIPALIDAD PROVINCIAL DE CHACHAPOYAS": "MUNICIPALIDAD DISTRITAL DE QUILLO"
 },
 {
   "AMAZONAS": "APURIMAC",
   "CHACHAPOYAS": "ABANCAY",
   "MUNICIPALIDAD PROVINCIAL DE CHACHAPOYAS": "MUNICIPALIDAD PROVINCIAL DE ABANCAY"
 },
 {
   "AMAZONAS": "APURIMAC",
   "CHACHAPOYAS": "ABANCAY",
   "MUNICIPALIDAD PROVINCIAL DE CHACHAPOYAS": "MUNICIPALIDAD DISTRITAL DE CURAHUASI"
 },
 {
   "AMAZONAS": "APURIMAC",
   "CHACHAPOYAS": "ANDAHUAYLAS",
   "MUNICIPALIDAD PROVINCIAL DE CHACHAPOYAS": "MUNICIPALIDAD PROVINCIAL DE ANDAHUAYLAS"
 },
 {
   "AMAZONAS": "APURIMAC",
   "CHACHAPOYAS": "ANDAHUAYLAS",
   "MUNICIPALIDAD PROVINCIAL DE CHACHAPOYAS": "MUNICIPALIDAD DISTRITAL DE HUANCARAY"
 },
 {
   "AMAZONAS": "APURIMAC",
   "CHACHAPOYAS": "ANDAHUAYLAS",
   "MUNICIPALIDAD PROVINCIAL DE CHACHAPOYAS": "MUNICIPALIDAD DISTRITAL DE PAMPACHIRI"
 },
 {
   "AMAZONAS": "APURIMAC",
   "CHACHAPOYAS": "COTABAMBA",
   "MUNICIPALIDAD PROVINCIAL DE CHACHAPOYAS": "MUNICIPALIDAD PROVINCIAL DE COTABAMBAS - TAMBOBAMBA"
 },
 {
   "AMAZONAS": "APURIMAC",
   "CHACHAPOYAS": "COTABAMBA",
   "MUNICIPALIDAD PROVINCIAL DE CHACHAPOYAS": "MUNICIPALIDAD DISTRITAL DE COTABAMBAS"
 },
 {
   "AMAZONAS": "APURIMAC",
   "CHACHAPOYAS": "COTABAMBA",
   "MUNICIPALIDAD PROVINCIAL DE CHACHAPOYAS": "MUNICIPALIDAD DISTRITAL DE COYLLURQUI"
 },
 {
   "AMAZONAS": "APURIMAC",
   "CHACHAPOYAS": "COTABAMBA",
   "MUNICIPALIDAD PROVINCIAL DE CHACHAPOYAS": "MUNICIPALIDAD DISTRITAL DE HAQUIRA"
 },
 {
   "AMAZONAS": "APURIMAC",
   "CHACHAPOYAS": "COTABAMBA",
   "MUNICIPALIDAD PROVINCIAL DE CHACHAPOYAS": "MUNICIPALIDAD DISTRITAL DE CHALLHUAHUACHO"
 },
 {
   "AMAZONAS": "AREQUIPA",
   "CHACHAPOYAS": "AREQUIPA",
   "MUNICIPALIDAD PROVINCIAL DE CHACHAPOYAS": "MUNICIPALIDAD PROVINCIAL DE AREQUIPA"
 },
 {
   "AMAZONAS": "AREQUIPA",
   "CHACHAPOYAS": "AREQUIPA",
   "MUNICIPALIDAD PROVINCIAL DE CHACHAPOYAS": "MUNICIPALIDAD DISTRITAL DE ALTO SELVA ALEGRE"
 },
 {
   "AMAZONAS": "AREQUIPA",
   "CHACHAPOYAS": "AREQUIPA",
   "MUNICIPALIDAD PROVINCIAL DE CHACHAPOYAS": "MUNICIPALIDAD DISTRITAL DE CAYMA"
 },
 {
   "AMAZONAS": "AREQUIPA",
   "CHACHAPOYAS": "AREQUIPA",
   "MUNICIPALIDAD PROVINCIAL DE CHACHAPOYAS": "MUNICIPALIDAD DISTRITAL DE CERRO COLORADO"
 },
 {
   "AMAZONAS": "AREQUIPA",
   "CHACHAPOYAS": "AREQUIPA",
   "MUNICIPALIDAD PROVINCIAL DE CHACHAPOYAS": "MUNICIPALIDAD DISTRITAL DE JACOBO HUNTER"
 },
 {
   "AMAZONAS": "AREQUIPA",
   "CHACHAPOYAS": "AREQUIPA",
   "MUNICIPALIDAD PROVINCIAL DE CHACHAPOYAS": "MUNICIPALIDAD DISTRITAL DE LA JOYA"
 },
 {
   "AMAZONAS": "AREQUIPA",
   "CHACHAPOYAS": "AREQUIPA",
   "MUNICIPALIDAD PROVINCIAL DE CHACHAPOYAS": "MUNICIPALIDAD DISTRITAL DE MARIANO MELGAR"
 },
 {
   "AMAZONAS": "AREQUIPA",
   "CHACHAPOYAS": "AREQUIPA",
   "MUNICIPALIDAD PROVINCIAL DE CHACHAPOYAS": "MUNICIPALIDAD DISTRITAL DE MIRAFLORES"
 },
 {
   "AMAZONAS": "AREQUIPA",
   "CHACHAPOYAS": "AREQUIPA",
   "MUNICIPALIDAD PROVINCIAL DE CHACHAPOYAS": "MUNICIPALIDAD DISTRITAL DE PAUCARPATA"
 },
 {
   "AMAZONAS": "AREQUIPA",
   "CHACHAPOYAS": "AREQUIPA",
   "MUNICIPALIDAD PROVINCIAL DE CHACHAPOYAS": "MUNICIPALIDAD DISTRITAL DE SAN JUAN DE TARUCANI"
 },
 {
   "AMAZONAS": "AREQUIPA",
   "CHACHAPOYAS": "AREQUIPA",
   "MUNICIPALIDAD PROVINCIAL DE CHACHAPOYAS": "MUNICIPALIDAD DISTRITAL DE SOCABAYA"
 },
 {
   "AMAZONAS": "AREQUIPA",
   "CHACHAPOYAS": "AREQUIPA",
   "MUNICIPALIDAD PROVINCIAL DE CHACHAPOYAS": "MUNICIPALIDAD DISTRITAL DE TIABAYA"
 },
 {
   "AMAZONAS": "AREQUIPA",
   "CHACHAPOYAS": "AREQUIPA",
   "MUNICIPALIDAD PROVINCIAL DE CHACHAPOYAS": "MUNICIPALIDAD DISTRITAL DE UCHUMAYO"
 },
 {
   "AMAZONAS": "AREQUIPA",
   "CHACHAPOYAS": "AREQUIPA",
   "MUNICIPALIDAD PROVINCIAL DE CHACHAPOYAS": "MUNICIPALIDAD DISTRITAL DE YARABAMBA"
 },
 {
   "AMAZONAS": "AREQUIPA",
   "CHACHAPOYAS": "AREQUIPA",
   "MUNICIPALIDAD PROVINCIAL DE CHACHAPOYAS": "MUNICIPALIDAD DISTRITAL DE YURA"
 },
 {
   "AMAZONAS": "AREQUIPA",
   "CHACHAPOYAS": "CASTILLA",
   "MUNICIPALIDAD PROVINCIAL DE CHACHAPOYAS": "MUNICIPALIDAD PROVINCIAL DE CASTILLA - APLAO"
 },
 {
   "AMAZONAS": "AREQUIPA",
   "CHACHAPOYAS": "CAYLLOMA",
   "MUNICIPALIDAD PROVINCIAL DE CHACHAPOYAS": "MUNICIPALIDAD DISTRITAL DE MAJES"
 },
 {
   "AMAZONAS": "AREQUIPA",
   "CHACHAPOYAS": "ISLAY",
   "MUNICIPALIDAD PROVINCIAL DE CHACHAPOYAS": "MUNICIPALIDAD PROVINCIAL DE ISLAY - MOLLENDO"
 },
 {
   "AMAZONAS": "AYACUCHO",
   "CHACHAPOYAS": "HUAMANGA",
   "MUNICIPALIDAD PROVINCIAL DE CHACHAPOYAS": "MUNICIPALIDAD PROVINCIAL DE HUAMANGA"
 },
 {
   "AMAZONAS": "AYACUCHO",
   "CHACHAPOYAS": "HUAMANGA",
   "MUNICIPALIDAD PROVINCIAL DE CHACHAPOYAS": "MUNICIPALIDAD DISTRITAL DE SAN JOSE DE TICLLAS"
 },
 {
   "AMAZONAS": "AYACUCHO",
   "CHACHAPOYAS": "HUAMANGA",
   "MUNICIPALIDAD PROVINCIAL DE CHACHAPOYAS": "MUNICIPALIDAD DISTRITAL DE SAN JUAN BAUTISTA"
 },
 {
   "AMAZONAS": "AYACUCHO",
   "CHACHAPOYAS": "HUAMANGA",
   "MUNICIPALIDAD PROVINCIAL DE CHACHAPOYAS": "MUNICIPALIDAD DISTRITAL DE SANTIAGO DE PISCHA"
 },
 {
   "AMAZONAS": "AYACUCHO",
   "CHACHAPOYAS": "HUAMANGA",
   "MUNICIPALIDAD PROVINCIAL DE CHACHAPOYAS": "MUNICIPALIDAD DISTRITAL DE VINCHOS"
 },
 {
   "AMAZONAS": "AYACUCHO",
   "CHACHAPOYAS": "CANGALLO",
   "MUNICIPALIDAD PROVINCIAL DE CHACHAPOYAS": "MUNICIPALIDAD DISTRITAL DE CHUSCHI"
 },
 {
   "AMAZONAS": "AYACUCHO",
   "CHACHAPOYAS": "CANGALLO",
   "MUNICIPALIDAD PROVINCIAL DE CHACHAPOYAS": "MUNICIPALIDAD DISTRITAL DE MARIA PARADO DE BELLIDO"
 },
 {
   "AMAZONAS": "AYACUCHO",
   "CHACHAPOYAS": "HUANTA",
   "MUNICIPALIDAD PROVINCIAL DE CHACHAPOYAS": "MUNICIPALIDAD PROVINCIAL DE HUANTA"
 },
 {
   "AMAZONAS": "AYACUCHO",
   "CHACHAPOYAS": "HUANTA",
   "MUNICIPALIDAD PROVINCIAL DE CHACHAPOYAS": "MUNICIPALIDAD DISTRITAL DE HUAMANGUILLA"
 },
 {
   "AMAZONAS": "AYACUCHO",
   "CHACHAPOYAS": "HUANTA",
   "MUNICIPALIDAD PROVINCIAL DE CHACHAPOYAS": "MUNICIPALIDAD DISTRITAL DE CANAYRE"
 },
 {
   "AMAZONAS": "AYACUCHO",
   "CHACHAPOYAS": "HUANTA",
   "MUNICIPALIDAD PROVINCIAL DE CHACHAPOYAS": "MUNICIPALIDAD DISTRITAL DE CHACA"
 },
 {
   "AMAZONAS": "AYACUCHO",
   "CHACHAPOYAS": "LA MAR",
   "MUNICIPALIDAD PROVINCIAL DE CHACHAPOYAS": "MUNICIPALIDAD PROVINCIAL DE LA MAR - SAN MIGUEL"
 },
 {
   "AMAZONAS": "AYACUCHO",
   "CHACHAPOYAS": "LA MAR",
   "MUNICIPALIDAD PROVINCIAL DE CHACHAPOYAS": "MUNICIPALIDAD DISTRITAL DE AYNA"
 },
 {
   "AMAZONAS": "AYACUCHO",
   "CHACHAPOYAS": "LA MAR",
   "MUNICIPALIDAD PROVINCIAL DE CHACHAPOYAS": "MUNICIPALIDAD DISTRITAL DE LUIS CARRANZA"
 },
 {
   "AMAZONAS": "AYACUCHO",
   "CHACHAPOYAS": "LUCANAS",
   "MUNICIPALIDAD PROVINCIAL DE CHACHAPOYAS": "MUNICIPALIDAD PROVINCIAL DE LUCANAS - PUQUIO"
 },
 {
   "AMAZONAS": "AYACUCHO",
   "CHACHAPOYAS": "PARINACOCHAS",
   "MUNICIPALIDAD PROVINCIAL DE CHACHAPOYAS": "MUNICIPALIDAD DISTRITAL DE PUYUSCA"
 },
 {
   "AMAZONAS": "AYACUCHO",
   "CHACHAPOYAS": "VILCASHUAMAN",
   "MUNICIPALIDAD PROVINCIAL DE CHACHAPOYAS": "MUNICIPALIDAD PROVINCIAL DE VILCAS HUAMAN"
 },
 {
   "AMAZONAS": "CAJAMARCA",
   "CHACHAPOYAS": "CAJAMARCA",
   "MUNICIPALIDAD PROVINCIAL DE CHACHAPOYAS": "MUNICIPALIDAD PROVINCIAL DE CAJAMARCA"
 },
 {
   "AMAZONAS": "CAJAMARCA",
   "CHACHAPOYAS": "CAJAMARCA",
   "MUNICIPALIDAD PROVINCIAL DE CHACHAPOYAS": "MUNICIPALIDAD DISTRITAL DE CHETILLA"
 },
 {
   "AMAZONAS": "CAJAMARCA",
   "CHACHAPOYAS": "CAJAMARCA",
   "MUNICIPALIDAD PROVINCIAL DE CHACHAPOYAS": "MUNICIPALIDAD DISTRITAL DE ENCAÑADA"
 },
 {
   "AMAZONAS": "CAJAMARCA",
   "CHACHAPOYAS": "CAJAMARCA",
   "MUNICIPALIDAD PROVINCIAL DE CHACHAPOYAS": "MUNICIPALIDAD DISTRITAL DE LOS BAÑOS DEL INCA"
 },
 {
   "AMAZONAS": "CAJAMARCA",
   "CHACHAPOYAS": "CAJABAMBA",
   "MUNICIPALIDAD PROVINCIAL DE CHACHAPOYAS": "MUNICIPALIDAD PROVINCIAL DE CAJABAMBA"
 },
 {
   "AMAZONAS": "CAJAMARCA",
   "CHACHAPOYAS": "CAJABAMBA",
   "MUNICIPALIDAD PROVINCIAL DE CHACHAPOYAS": "MUNICIPALIDAD DISTRITAL DE CACHACHI"
 },
 {
   "AMAZONAS": "CAJAMARCA",
   "CHACHAPOYAS": "CELENDIN",
   "MUNICIPALIDAD PROVINCIAL DE CHACHAPOYAS": "MUNICIPALIDAD PROVINCIAL DE CELENDIN"
 },
 {
   "AMAZONAS": "CAJAMARCA",
   "CHACHAPOYAS": "CELENDIN",
   "MUNICIPALIDAD PROVINCIAL DE CHACHAPOYAS": "MUNICIPALIDAD DISTRITAL DE CHUMUCH"
 },
 {
   "AMAZONAS": "CAJAMARCA",
   "CHACHAPOYAS": "CHOTA",
   "MUNICIPALIDAD PROVINCIAL DE CHACHAPOYAS": "MUNICIPALIDAD PROVINCIAL DE CHOTA"
 },
 {
   "AMAZONAS": "CAJAMARCA",
   "CHACHAPOYAS": "CHOTA",
   "MUNICIPALIDAD PROVINCIAL DE CHACHAPOYAS": "MUNICIPALIDAD DISTRITAL DE TACABAMBA"
 },
 {
   "AMAZONAS": "CAJAMARCA",
   "CHACHAPOYAS": "CONTUMAZA",
   "MUNICIPALIDAD PROVINCIAL DE CHACHAPOYAS": "MUNICIPALIDAD PROVINCIAL DE CONTUMAZA"
 },
 {
   "AMAZONAS": "CAJAMARCA",
   "CHACHAPOYAS": "CUTERVO",
   "MUNICIPALIDAD PROVINCIAL DE CHACHAPOYAS": "MUNICIPALIDAD PROVINCIAL DE CUTERVO"
 },
 {
   "AMAZONAS": "CAJAMARCA",
   "CHACHAPOYAS": "HUALGAYOC",
   "MUNICIPALIDAD PROVINCIAL DE CHACHAPOYAS": "MUNICIPALIDAD PROVINCIAL DE HUALGAYOC - BAMBAMARCA"
 },
 {
   "AMAZONAS": "CAJAMARCA",
   "CHACHAPOYAS": "HUALGAYOC",
   "MUNICIPALIDAD PROVINCIAL DE CHACHAPOYAS": "MUNICIPALIDAD DISTRITAL DE HUALGAYOC"
 },
 {
   "AMAZONAS": "CAJAMARCA",
   "CHACHAPOYAS": "JAEN",
   "MUNICIPALIDAD PROVINCIAL DE CHACHAPOYAS": "MUNICIPALIDAD PROVINCIAL DE JAEN"
 },
 {
   "AMAZONAS": "CAJAMARCA",
   "CHACHAPOYAS": "JAEN",
   "MUNICIPALIDAD PROVINCIAL DE CHACHAPOYAS": "MUNICIPALIDAD DISTRITAL DE COLASAY"
 },
 {
   "AMAZONAS": "CAJAMARCA",
   "CHACHAPOYAS": "JAEN",
   "MUNICIPALIDAD PROVINCIAL DE CHACHAPOYAS": "MUNICIPALIDAD DISTRITAL DE POMAHUACA"
 },
 {
   "AMAZONAS": "CAJAMARCA",
   "CHACHAPOYAS": "JAEN",
   "MUNICIPALIDAD PROVINCIAL DE CHACHAPOYAS": "MUNICIPALIDAD DISTRITAL DE SANTA ROSA"
 },
 {
   "AMAZONAS": "CAJAMARCA",
   "CHACHAPOYAS": "SAN IGNACIO",
   "MUNICIPALIDAD PROVINCIAL DE CHACHAPOYAS": "MUNICIPALIDAD PROVINCIAL DE SAN IGNACIO"
 },
 {
   "AMAZONAS": "CAJAMARCA",
   "CHACHAPOYAS": "SAN IGNACIO",
   "MUNICIPALIDAD PROVINCIAL DE CHACHAPOYAS": "MUNICIPALIDAD DISTRITAL DE CHIRINOS"
 },
 {
   "AMAZONAS": "CAJAMARCA",
   "CHACHAPOYAS": "SAN IGNACIO",
   "MUNICIPALIDAD PROVINCIAL DE CHACHAPOYAS": "MUNICIPALIDAD DISTRITAL DE HUARANGO"
 },
 {
   "AMAZONAS": "CAJAMARCA",
   "CHACHAPOYAS": "SAN MARCOS",
   "MUNICIPALIDAD PROVINCIAL DE CHACHAPOYAS": "MUNICIPALIDAD DISTRITAL DE GREGORIO PITA"
 },
 {
   "AMAZONAS": "CAJAMARCA",
   "CHACHAPOYAS": "SAN MIGUEL",
   "MUNICIPALIDAD PROVINCIAL DE CHACHAPOYAS": "MUNICIPALIDAD PROVINCIAL DE SAN MIGUEL"
 },
 {
   "AMAZONAS": "CAJAMARCA",
   "CHACHAPOYAS": "SANTA CRUZ",
   "MUNICIPALIDAD PROVINCIAL DE CHACHAPOYAS": "MUNICIPALIDAD PROVINCIAL DE SANTA CRUZ"
 },
 {
   "AMAZONAS": "PROVINCIA CONSTITUCIONAL DEL CALLAO",
   "CHACHAPOYAS": "PROV. CALLAO",
   "MUNICIPALIDAD PROVINCIAL DE CHACHAPOYAS": "MUNICIPALIDAD PROVINCIAL DEL CALLAO"
 },
 {
   "AMAZONAS": "PROVINCIA CONSTITUCIONAL DEL CALLAO",
   "CHACHAPOYAS": "PROV. CALLAO",
   "MUNICIPALIDAD PROVINCIAL DE CHACHAPOYAS": "MUNICIPALIDAD DISTRITAL DE VENTANILLA"
 },
 {
   "AMAZONAS": "CUSCO",
   "CHACHAPOYAS": "CUSCO",
   "MUNICIPALIDAD PROVINCIAL DE CHACHAPOYAS": "MUNICIPALIDAD PROVINCIAL DEL CUZCO"
 },
 {
   "AMAZONAS": "CUSCO",
   "CHACHAPOYAS": "CUSCO",
   "MUNICIPALIDAD PROVINCIAL DE CHACHAPOYAS": "MUNICIPALIDAD DISTRITAL DE SAN JERONIMO"
 },
 {
   "AMAZONAS": "CUSCO",
   "CHACHAPOYAS": "CUSCO",
   "MUNICIPALIDAD PROVINCIAL DE CHACHAPOYAS": "MUNICIPALIDAD DISTRITAL DE SAN SEBASTIAN"
 },
 {
   "AMAZONAS": "CUSCO",
   "CHACHAPOYAS": "CUSCO",
   "MUNICIPALIDAD PROVINCIAL DE CHACHAPOYAS": "MUNICIPALIDAD DISTRITAL DE SANTIAGO"
 },
 {
   "AMAZONAS": "CUSCO",
   "CHACHAPOYAS": "ANTA",
   "MUNICIPALIDAD PROVINCIAL DE CHACHAPOYAS": "MUNICIPALIDAD DISTRITAL DE ANCAHUASI"
 },
 {
   "AMAZONAS": "CUSCO",
   "CHACHAPOYAS": "CALCA",
   "MUNICIPALIDAD PROVINCIAL DE CHACHAPOYAS": "MUNICIPALIDAD PROVINCIAL DE CALCA"
 },
 {
   "AMAZONAS": "CUSCO",
   "CHACHAPOYAS": "CANCHIS",
   "MUNICIPALIDAD PROVINCIAL DE CHACHAPOYAS": "MUNICIPALIDAD PROVINCIAL DE CANCHIS - SICUANI"
 },
 {
   "AMAZONAS": "CUSCO",
   "CHACHAPOYAS": "CHUMBIVILCAS",
   "MUNICIPALIDAD PROVINCIAL DE CHACHAPOYAS": "MUNICIPALIDAD PROVINCIAL DE CHUMBIVILCAS - SANTO TOMAS"
 },
 {
   "AMAZONAS": "CUSCO",
   "CHACHAPOYAS": "CHUMBIVILCAS",
   "MUNICIPALIDAD PROVINCIAL DE CHACHAPOYAS": "MUNICIPALIDAD DISTRITAL DE COLQUEMARCA"
 },
 {
   "AMAZONAS": "CUSCO",
   "CHACHAPOYAS": "CHUMBIVILCAS",
   "MUNICIPALIDAD PROVINCIAL DE CHACHAPOYAS": "MUNICIPALIDAD DISTRITAL DE LIVITACA"
 },
 {
   "AMAZONAS": "CUSCO",
   "CHACHAPOYAS": "ESPINAR",
   "MUNICIPALIDAD PROVINCIAL DE CHACHAPOYAS": "MUNICIPALIDAD PROVINCIAL DE ESPINAR"
 },
 {
   "AMAZONAS": "CUSCO",
   "CHACHAPOYAS": "LA CONVENCION",
   "MUNICIPALIDAD PROVINCIAL DE CHACHAPOYAS": "MUNICIPALIDAD PROVINCIAL DE LA CONVENCION - SANTA ANA"
 },
 {
   "AMAZONAS": "CUSCO",
   "CHACHAPOYAS": "LA CONVENCION",
   "MUNICIPALIDAD PROVINCIAL DE CHACHAPOYAS": "MUNICIPALIDAD DISTRITAL DE ECHARATI"
 },
 {
   "AMAZONAS": "CUSCO",
   "CHACHAPOYAS": "LA CONVENCION",
   "MUNICIPALIDAD PROVINCIAL DE CHACHAPOYAS": "MUNICIPALIDAD DISTRITAL DE QUELLOUNO"
 },
 {
   "AMAZONAS": "CUSCO",
   "CHACHAPOYAS": "LA CONVENCION",
   "MUNICIPALIDAD PROVINCIAL DE CHACHAPOYAS": "MUNICIPALIDAD DISTRITAL DE QUIMBIRI"
 },
 {
   "AMAZONAS": "CUSCO",
   "CHACHAPOYAS": "LA CONVENCION",
   "MUNICIPALIDAD PROVINCIAL DE CHACHAPOYAS": "MUNICIPALIDAD DISTRITAL DE SANTA TERESA"
 },
 {
   "AMAZONAS": "CUSCO",
   "CHACHAPOYAS": "LA CONVENCION",
   "MUNICIPALIDAD PROVINCIAL DE CHACHAPOYAS": "MUNICIPALIDAD DISTRITAL DE VILCABAMBA"
 },
 {
   "AMAZONAS": "CUSCO",
   "CHACHAPOYAS": "LA CONVENCION",
   "MUNICIPALIDAD PROVINCIAL DE CHACHAPOYAS": "MUNICIPALIDAD DISTRITAL DE PICHARI"
 },
 {
   "AMAZONAS": "CUSCO",
   "CHACHAPOYAS": "LA CONVENCION",
   "MUNICIPALIDAD PROVINCIAL DE CHACHAPOYAS": "MUNICIPALIDAD DISTRITAL DE MEGANTONI"
 },
 {
   "AMAZONAS": "CUSCO",
   "CHACHAPOYAS": "LA CONVENCION",
   "MUNICIPALIDAD PROVINCIAL DE CHACHAPOYAS": "MUNICIPALIDAD DISTRITAL DE KUMPIRUSHIATO"
 },
 {
   "AMAZONAS": "CUSCO",
   "CHACHAPOYAS": "LA CONVENCION",
   "MUNICIPALIDAD PROVINCIAL DE CHACHAPOYAS": "MUNICIPALIDAD DISTRITAL DE UNION ASHANINKA"
 },
 {
   "AMAZONAS": "CUSCO",
   "CHACHAPOYAS": "QUISPICANCHIS",
   "MUNICIPALIDAD PROVINCIAL DE CHACHAPOYAS": "MUNICIPALIDAD DISTRITAL DE OCONGATE"
 },
 {
   "AMAZONAS": "CUSCO",
   "CHACHAPOYAS": "URUBAMBA",
   "MUNICIPALIDAD PROVINCIAL DE CHACHAPOYAS": "MUNICIPALIDAD PROVINCIAL DE URUBAMBA"
 },
 {
   "AMAZONAS": "HUANCAVELICA",
   "CHACHAPOYAS": "HUANCAVELICA",
   "MUNICIPALIDAD PROVINCIAL DE CHACHAPOYAS": "MUNICIPALIDAD PROVINCIAL DE HUANCAVELICA"
 },
 {
   "AMAZONAS": "HUANCAVELICA",
   "CHACHAPOYAS": "HUANCAVELICA",
   "MUNICIPALIDAD PROVINCIAL DE CHACHAPOYAS": "MUNICIPALIDAD DISTRITAL DE ACORIA"
 },
 {
   "AMAZONAS": "HUANCAVELICA",
   "CHACHAPOYAS": "HUANCAVELICA",
   "MUNICIPALIDAD PROVINCIAL DE CHACHAPOYAS": "MUNICIPALIDAD DISTRITAL DE YAULI"
 },
 {
   "AMAZONAS": "HUANCAVELICA",
   "CHACHAPOYAS": "HUANCAVELICA",
   "MUNICIPALIDAD PROVINCIAL DE CHACHAPOYAS": "MUNICIPALIDAD DISTRITAL ASCENSION"
 },
 {
   "AMAZONAS": "HUANCAVELICA",
   "CHACHAPOYAS": "ACOBAMBA",
   "MUNICIPALIDAD PROVINCIAL DE CHACHAPOYAS": "MUNICIPALIDAD PROVINCIAL DE ACOBAMBA"
 },
 {
   "AMAZONAS": "HUANCAVELICA",
   "CHACHAPOYAS": "ACOBAMBA",
   "MUNICIPALIDAD PROVINCIAL DE CHACHAPOYAS": "MUNICIPALIDAD DISTRITAL DE PAUCARA"
 },
 {
   "AMAZONAS": "HUANCAVELICA",
   "CHACHAPOYAS": "ANGARAES",
   "MUNICIPALIDAD PROVINCIAL DE CHACHAPOYAS": "MUNICIPALIDAD PROVINCIAL DE ANGARAES - LIRCAY"
 },
 {
   "AMAZONAS": "HUANCAVELICA",
   "CHACHAPOYAS": "CHURCAMPA",
   "MUNICIPALIDAD PROVINCIAL DE CHACHAPOYAS": "MUNICIPALIDAD PROVINCIAL DE CHURCAMPA"
 },
 {
   "AMAZONAS": "HUANCAVELICA",
   "CHACHAPOYAS": "HUAYTARA",
   "MUNICIPALIDAD PROVINCIAL DE CHACHAPOYAS": "MUNICIPALIDAD DISTRITAL DE PILPICHACA"
 },
 {
   "AMAZONAS": "HUANCAVELICA",
   "CHACHAPOYAS": "TAYACAJA",
   "MUNICIPALIDAD PROVINCIAL DE CHACHAPOYAS": "MUNICIPALIDAD PROVINCIAL DE TAYACAJA - PAMPAS"
 },
 {
   "AMAZONAS": "HUANCAVELICA",
   "CHACHAPOYAS": "TAYACAJA",
   "MUNICIPALIDAD PROVINCIAL DE CHACHAPOYAS": "MUNICIPALIDAD DISTRITAL DE COLCABAMBA"
 },
 {
   "AMAZONAS": "HUANCAVELICA",
   "CHACHAPOYAS": "TAYACAJA",
   "MUNICIPALIDAD PROVINCIAL DE CHACHAPOYAS": "MUNICIPALIDAD DISTRITAL DE DANIEL HERNANDES"
 },
 {
   "AMAZONAS": "HUANCAVELICA",
   "CHACHAPOYAS": "TAYACAJA",
   "MUNICIPALIDAD PROVINCIAL DE CHACHAPOYAS": "MUNICIPALIDAD DISTRITAL DE TINTAY PUNCU"
 },
 {
   "AMAZONAS": "HUANCAVELICA",
   "CHACHAPOYAS": "TAYACAJA",
   "MUNICIPALIDAD PROVINCIAL DE CHACHAPOYAS": "MUNICIPALIDAD DISTRITAL DE QUICHUAS"
 },
 {
   "AMAZONAS": "HUANUCO",
   "CHACHAPOYAS": "HUANUCO",
   "MUNICIPALIDAD PROVINCIAL DE CHACHAPOYAS": "MUNICIPALIDAD PROVINCIAL DE HUANUCO"
 },
 {
   "AMAZONAS": "HUANUCO",
   "CHACHAPOYAS": "HUANUCO",
   "MUNICIPALIDAD PROVINCIAL DE CHACHAPOYAS": "MUNICIPALIDAD DISTRITAL DE AMARILIS"
 },
 {
   "AMAZONAS": "HUANUCO",
   "CHACHAPOYAS": "HUANUCO",
   "MUNICIPALIDAD PROVINCIAL DE CHACHAPOYAS": "MUNICIPALIDAD DISTRITAL DE CHURUBAMBA"
 },
 {
   "AMAZONAS": "HUANUCO",
   "CHACHAPOYAS": "AMBO",
   "MUNICIPALIDAD PROVINCIAL DE CHACHAPOYAS": "MUNICIPALIDAD PROVINCIAL DE AMBO"
 },
 {
   "AMAZONAS": "HUANUCO",
   "CHACHAPOYAS": "AMBO",
   "MUNICIPALIDAD PROVINCIAL DE CHACHAPOYAS": "MUNICIPALIDAD DISTRITAL DE COLPAS"
 },
 {
   "AMAZONAS": "HUANUCO",
   "CHACHAPOYAS": "HUAMALIES",
   "MUNICIPALIDAD PROVINCIAL DE CHACHAPOYAS": "MUNICIPALIDAD DISTRITAL DE MONZON"
 },
 {
   "AMAZONAS": "HUANUCO",
   "CHACHAPOYAS": "LEONCIO PRADO",
   "MUNICIPALIDAD PROVINCIAL DE CHACHAPOYAS": "MUNICIPALIDAD PROVINCIAL DE LEONCIO PRADO - RUPA RUPA"
 },
 {
   "AMAZONAS": "HUANUCO",
   "CHACHAPOYAS": "MARANON",
   "MUNICIPALIDAD PROVINCIAL DE CHACHAPOYAS": "MUNICIPALIDAD PROVINCIAL DE MARAÑON - HUACRACHUCO"
 },
 {
   "AMAZONAS": "HUANUCO",
   "CHACHAPOYAS": "PACHITEA",
   "MUNICIPALIDAD PROVINCIAL DE CHACHAPOYAS": "MUNICIPALIDAD PROVINCIAL DE PACHITEA - PANAO"
 },
 {
   "AMAZONAS": "HUANUCO",
   "CHACHAPOYAS": "PACHITEA",
   "MUNICIPALIDAD PROVINCIAL DE CHACHAPOYAS": "MUNICIPALIDAD DISTRITAL DE CHAGLLA"
 },
 {
   "AMAZONAS": "HUANUCO",
   "CHACHAPOYAS": "PACHITEA",
   "MUNICIPALIDAD PROVINCIAL DE CHACHAPOYAS": "MUNICIPALIDAD DISTRITAL DE UMARI"
 },
 {
   "AMAZONAS": "HUANUCO",
   "CHACHAPOYAS": "PUERTO INCA",
   "MUNICIPALIDAD PROVINCIAL DE CHACHAPOYAS": "MUNICIPALIDAD PROVINCIAL DE PUERTO INCA"
 },
 {
   "AMAZONAS": "HUANUCO",
   "CHACHAPOYAS": "PUERTO INCA",
   "MUNICIPALIDAD PROVINCIAL DE CHACHAPOYAS": "MUNICIPALIDAD DISTRITAL DE CODO DE POZUZO"
 },
 {
   "AMAZONAS": "HUANUCO",
   "CHACHAPOYAS": "PUERTO INCA",
   "MUNICIPALIDAD PROVINCIAL DE CHACHAPOYAS": "MUNICIPALIDAD DISTRITAL DE TOURNAVISTA"
 },
 {
   "AMAZONAS": "HUANUCO",
   "CHACHAPOYAS": "PUERTO INCA",
   "MUNICIPALIDAD PROVINCIAL DE CHACHAPOYAS": "MUNICIPALIDAD DISTRITAL DE YUYAPICHIS"
 },
 {
   "AMAZONAS": "ICA",
   "CHACHAPOYAS": "ICA",
   "MUNICIPALIDAD PROVINCIAL DE CHACHAPOYAS": "MUNICIPALIDAD PROVINCIAL DE ICA"
 },
 {
   "AMAZONAS": "ICA",
   "CHACHAPOYAS": "ICA",
   "MUNICIPALIDAD PROVINCIAL DE CHACHAPOYAS": "MUNICIPALIDAD DISTRITAL DE PARCONA"
 },
 {
   "AMAZONAS": "ICA",
   "CHACHAPOYAS": "ICA",
   "MUNICIPALIDAD PROVINCIAL DE CHACHAPOYAS": "MUNICIPALIDAD DISTRITAL DE SALAS"
 },
 {
   "AMAZONAS": "ICA",
   "CHACHAPOYAS": "ICA",
   "MUNICIPALIDAD PROVINCIAL DE CHACHAPOYAS": "MUNICIPALIDAD DISTRITAL DE SUBTANJALLA"
 },
 {
   "AMAZONAS": "ICA",
   "CHACHAPOYAS": "CHINCHA",
   "MUNICIPALIDAD PROVINCIAL DE CHACHAPOYAS": "MUNICIPALIDAD PROVINCIAL DE CHINCHA - CHINCHA ALTA"
 },
 {
   "AMAZONAS": "ICA",
   "CHACHAPOYAS": "CHINCHA",
   "MUNICIPALIDAD PROVINCIAL DE CHACHAPOYAS": "MUNICIPALIDAD DISTRITAL DE PUEBLO NUEVO"
 },
 {
   "AMAZONAS": "ICA",
   "CHACHAPOYAS": "NAZCA",
   "MUNICIPALIDAD PROVINCIAL DE CHACHAPOYAS": "MUNICIPALIDAD PROVINCIAL DE NASCA"
 },
 {
   "AMAZONAS": "ICA",
   "CHACHAPOYAS": "NAZCA",
   "MUNICIPALIDAD PROVINCIAL DE CHACHAPOYAS": "MUNICIPALIDAD DISTRITAL DE MARCONA"
 },
 {
   "AMAZONAS": "ICA",
   "CHACHAPOYAS": "NAZCA",
   "MUNICIPALIDAD PROVINCIAL DE CHACHAPOYAS": "MUNICIPALIDAD DISTRITAL DE VISTA ALEGRE"
 },
 {
   "AMAZONAS": "ICA",
   "CHACHAPOYAS": "PISCO",
   "MUNICIPALIDAD PROVINCIAL DE CHACHAPOYAS": "MUNICIPALIDAD PROVINCIAL DE PISCO"
 },
 {
   "AMAZONAS": "JUNIN",
   "CHACHAPOYAS": "HUANCAYO",
   "MUNICIPALIDAD PROVINCIAL DE CHACHAPOYAS": "MUNICIPALIDAD PROVINCIAL DE HUANCAYO"
 },
 {
   "AMAZONAS": "JUNIN",
   "CHACHAPOYAS": "HUANCAYO",
   "MUNICIPALIDAD PROVINCIAL DE CHACHAPOYAS": "MUNICIPALIDAD DISTRITAL DE EL TAMBO"
 },
 {
   "AMAZONAS": "JUNIN",
   "CHACHAPOYAS": "HUANCAYO",
   "MUNICIPALIDAD PROVINCIAL DE CHACHAPOYAS": "MUNICIPALIDAD DISTRITAL DE PUCARA"
 },
 {
   "AMAZONAS": "JUNIN",
   "CHACHAPOYAS": "HUANCAYO",
   "MUNICIPALIDAD PROVINCIAL DE CHACHAPOYAS": "MUNICIPALIDAD DISTRITAL DE SICAYA"
 },
 {
   "AMAZONAS": "JUNIN",
   "CHACHAPOYAS": "CONCEPCION",
   "MUNICIPALIDAD PROVINCIAL DE CHACHAPOYAS": "MUNICIPALIDAD DISTRITAL DE CHAMBARA"
 },
 {
   "AMAZONAS": "JUNIN",
   "CHACHAPOYAS": "CHANCHAMAYO",
   "MUNICIPALIDAD PROVINCIAL DE CHACHAPOYAS": "MUNICIPALIDAD PROVINCIAL DE CHANCHAMAYO"
 },
 {
   "AMAZONAS": "JUNIN",
   "CHACHAPOYAS": "CHANCHAMAYO",
   "MUNICIPALIDAD PROVINCIAL DE CHACHAPOYAS": "MUNICIPALIDAD DISTRITAL DE PERENE"
 },
 {
   "AMAZONAS": "JUNIN",
   "CHACHAPOYAS": "CHANCHAMAYO",
   "MUNICIPALIDAD PROVINCIAL DE CHACHAPOYAS": "MUNICIPALIDAD DISTRITAL DE PICHANAQUI"
 },
 {
   "AMAZONAS": "JUNIN",
   "CHACHAPOYAS": "JAUJA",
   "MUNICIPALIDAD PROVINCIAL DE CHACHAPOYAS": "MUNICIPALIDAD PROVINCIAL DE JAUJA"
 },
 {
   "AMAZONAS": "JUNIN",
   "CHACHAPOYAS": "SATIPO",
   "MUNICIPALIDAD PROVINCIAL DE CHACHAPOYAS": "MUNICIPALIDAD PROVINCIAL DE SATIPO"
 },
 {
   "AMAZONAS": "JUNIN",
   "CHACHAPOYAS": "SATIPO",
   "MUNICIPALIDAD PROVINCIAL DE CHACHAPOYAS": "MUNICIPALIDAD DISTRITAL DE MAZAMARI"
 },
 {
   "AMAZONAS": "JUNIN",
   "CHACHAPOYAS": "SATIPO",
   "MUNICIPALIDAD PROVINCIAL DE CHACHAPOYAS": "MUNICIPALIDAD DISTRITAL DE PANGOA"
 },
 {
   "AMAZONAS": "JUNIN",
   "CHACHAPOYAS": "SATIPO",
   "MUNICIPALIDAD PROVINCIAL DE CHACHAPOYAS": "MUNICIPALIDAD DISTRITAL DE RIO TAMBO"
 },
 {
   "AMAZONAS": "JUNIN",
   "CHACHAPOYAS": "YAULI",
   "MUNICIPALIDAD PROVINCIAL DE CHACHAPOYAS": "MUNICIPALIDAD DISTRITAL DE MOROCOCHA"
 },
 {
   "AMAZONAS": "JUNIN",
   "CHACHAPOYAS": "CHUPACA",
   "MUNICIPALIDAD PROVINCIAL DE CHACHAPOYAS": "MUNICIPALIDAD DISTRITAL DE YANACANCHA"
 },
 {
   "AMAZONAS": "LA LIBERTAD",
   "CHACHAPOYAS": "TRUJILLO",
   "MUNICIPALIDAD PROVINCIAL DE CHACHAPOYAS": "MUNICIPALIDAD PROVINCIAL DE TRUJILLO"
 },
 {
   "AMAZONAS": "LA LIBERTAD",
   "CHACHAPOYAS": "TRUJILLO",
   "MUNICIPALIDAD PROVINCIAL DE CHACHAPOYAS": "MUNICIPALIDAD DISTRITAL DE EL PORVENIR"
 },
 {
   "AMAZONAS": "LA LIBERTAD",
   "CHACHAPOYAS": "TRUJILLO",
   "MUNICIPALIDAD PROVINCIAL DE CHACHAPOYAS": "MUNICIPALIDAD DISTRITAL DE HUANCHACO"
 },
 {
   "AMAZONAS": "LA LIBERTAD",
   "CHACHAPOYAS": "TRUJILLO",
   "MUNICIPALIDAD PROVINCIAL DE CHACHAPOYAS": "MUNICIPALIDAD DISTRITAL DE LA ESPERANZA"
 },
 {
   "AMAZONAS": "LA LIBERTAD",
   "CHACHAPOYAS": "BOLIVAR",
   "MUNICIPALIDAD PROVINCIAL DE CHACHAPOYAS": "MUNICIPALIDAD DISTRITAL DE LONGOTEA"
 },
 {
   "AMAZONAS": "LA LIBERTAD",
   "CHACHAPOYAS": "CHEPEN",
   "MUNICIPALIDAD PROVINCIAL DE CHACHAPOYAS": "MUNICIPALIDAD PROVINCIAL DE CHEPEN"
 },
 {
   "AMAZONAS": "LA LIBERTAD",
   "CHACHAPOYAS": "OTUZCO",
   "MUNICIPALIDAD PROVINCIAL DE CHACHAPOYAS": "MUNICIPALIDAD PROVINCIAL DE OTUZCO"
 },
 {
   "AMAZONAS": "LA LIBERTAD",
   "CHACHAPOYAS": "OTUZCO",
   "MUNICIPALIDAD PROVINCIAL DE CHACHAPOYAS": "MUNICIPALIDAD DISTRITAL DE HUARANCHAL"
 },
 {
   "AMAZONAS": "LA LIBERTAD",
   "CHACHAPOYAS": "PACASMAYO",
   "MUNICIPALIDAD PROVINCIAL DE CHACHAPOYAS": "MUNICIPALIDAD DISTRITAL DE SAN JOSE"
 },
 {
   "AMAZONAS": "LA LIBERTAD",
   "CHACHAPOYAS": "PATAZ",
   "MUNICIPALIDAD PROVINCIAL DE CHACHAPOYAS": "MUNICIPALIDAD PROVINCIAL DE PATAZ - TAYABAMBA"
 },
 {
   "AMAZONAS": "LA LIBERTAD",
   "CHACHAPOYAS": "PATAZ",
   "MUNICIPALIDAD PROVINCIAL DE CHACHAPOYAS": "MUNICIPALIDAD DISTRITAL DE PARCOY"
 },
 {
   "AMAZONAS": "LA LIBERTAD",
   "CHACHAPOYAS": "SANCHEZ CARRION",
   "MUNICIPALIDAD PROVINCIAL DE CHACHAPOYAS": "MUNICIPALIDAD PROVINCIAL DE SANCHEZ CARRION - HUAMACHUCO"
 },
 {
   "AMAZONAS": "LA LIBERTAD",
   "CHACHAPOYAS": "SANCHEZ CARRION",
   "MUNICIPALIDAD PROVINCIAL DE CHACHAPOYAS": "MUNICIPALIDAD DISTRITAL DE MARCABAL"
 },
 {
   "AMAZONAS": "LA LIBERTAD",
   "CHACHAPOYAS": "SANTIAGO DE CHUCO",
   "MUNICIPALIDAD PROVINCIAL DE CHACHAPOYAS": "MUNICIPALIDAD DISTRITAL DE ANGASMARCA"
 },
 {
   "AMAZONAS": "LA LIBERTAD",
   "CHACHAPOYAS": "SANTIAGO DE CHUCO",
   "MUNICIPALIDAD PROVINCIAL DE CHACHAPOYAS": "MUNICIPALIDAD DISTRITAL DE QUIRUVILCA"
 },
 {
   "AMAZONAS": "LA LIBERTAD",
   "CHACHAPOYAS": "VIRU",
   "MUNICIPALIDAD PROVINCIAL DE CHACHAPOYAS": "MUNICIPALIDAD PROVINCIAL DE VIRU"
 },
 {
   "AMAZONAS": "LA LIBERTAD",
   "CHACHAPOYAS": "VIRU",
   "MUNICIPALIDAD PROVINCIAL DE CHACHAPOYAS": "MUNICIPALIDAD DISTRITAL DE CHAO"
 },
 {
   "AMAZONAS": "LAMBAYEQUE",
   "CHACHAPOYAS": "CHICLAYO",
   "MUNICIPALIDAD PROVINCIAL DE CHACHAPOYAS": "MUNICIPALIDAD PROVINCIAL DE CHICLAYO"
 },
 {
   "AMAZONAS": "LAMBAYEQUE",
   "CHACHAPOYAS": "CHICLAYO",
   "MUNICIPALIDAD PROVINCIAL DE CHACHAPOYAS": "MUNICIPALIDAD DISTRITAL DE JOSE LEONARDO ORTIZ"
 },
 {
   "AMAZONAS": "LAMBAYEQUE",
   "CHACHAPOYAS": "LAMBAYEQUE",
   "MUNICIPALIDAD PROVINCIAL DE CHACHAPOYAS": "MUNICIPALIDAD PROVINCIAL DE LAMBAYEQUE"
 },
 {
   "AMAZONAS": "LAMBAYEQUE",
   "CHACHAPOYAS": "LAMBAYEQUE",
   "MUNICIPALIDAD PROVINCIAL DE CHACHAPOYAS": "MUNICIPALIDAD DISTRITAL DE ILLIMO"
 },
 {
   "AMAZONAS": "LAMBAYEQUE",
   "CHACHAPOYAS": "LAMBAYEQUE",
   "MUNICIPALIDAD PROVINCIAL DE CHACHAPOYAS": "MUNICIPALIDAD DISTRITAL DE OLMOS"
 },
 {
   "AMAZONAS": "LIMA",
   "CHACHAPOYAS": "LIMA",
   "MUNICIPALIDAD PROVINCIAL DE CHACHAPOYAS": "MUNICIPALIDAD METROPOLITANA DE LIMA"
 },
 {
   "AMAZONAS": "LIMA",
   "CHACHAPOYAS": "LIMA",
   "MUNICIPALIDAD PROVINCIAL DE CHACHAPOYAS": "MUNICIPALIDAD DISTRITAL DE ATE - VITARTE"
 },
 {
   "AMAZONAS": "LIMA",
   "CHACHAPOYAS": "LIMA",
   "MUNICIPALIDAD PROVINCIAL DE CHACHAPOYAS": "MUNICIPALIDAD DISTRITAL DE CARABAYLLO"
 },
 {
   "AMAZONAS": "LIMA",
   "CHACHAPOYAS": "LIMA",
   "MUNICIPALIDAD PROVINCIAL DE CHACHAPOYAS": "MUNICIPALIDAD DISTRITAL DE CHORRILLOS"
 },
 {
   "AMAZONAS": "LIMA",
   "CHACHAPOYAS": "LIMA",
   "MUNICIPALIDAD PROVINCIAL DE CHACHAPOYAS": "MUNICIPALIDAD DISTRITAL DE EL AGUSTINO"
 },
 {
   "AMAZONAS": "LIMA",
   "CHACHAPOYAS": "LIMA",
   "MUNICIPALIDAD PROVINCIAL DE CHACHAPOYAS": "MUNICIPALIDAD DISTRITAL DE LURIGANCHO (CHOSICA)"
 },
 {
   "AMAZONAS": "LIMA",
   "CHACHAPOYAS": "LIMA",
   "MUNICIPALIDAD PROVINCIAL DE CHACHAPOYAS": "MUNICIPALIDAD DISTRITAL DE MIRAFLORES"
 },
 {
   "AMAZONAS": "LIMA",
   "CHACHAPOYAS": "LIMA",
   "MUNICIPALIDAD PROVINCIAL DE CHACHAPOYAS": "MUNICIPALIDAD DISTRITAL DE PUENTE PIEDRA"
 },
 {
   "AMAZONAS": "LIMA",
   "CHACHAPOYAS": "LIMA",
   "MUNICIPALIDAD PROVINCIAL DE CHACHAPOYAS": "MUNICIPALIDAD DISTRITAL DE SAN ISIDRO"
 },
 {
   "AMAZONAS": "LIMA",
   "CHACHAPOYAS": "LIMA",
   "MUNICIPALIDAD PROVINCIAL DE CHACHAPOYAS": "MUNICIPALIDAD DISTRITAL DE SAN JUAN DE LURIGANCHO"
 },
 {
   "AMAZONAS": "LIMA",
   "CHACHAPOYAS": "LIMA",
   "MUNICIPALIDAD PROVINCIAL DE CHACHAPOYAS": "MUNICIPALIDAD DISTRITAL DE SAN JUAN DE MIRAFLORES"
 },
 {
   "AMAZONAS": "LIMA",
   "CHACHAPOYAS": "LIMA",
   "MUNICIPALIDAD PROVINCIAL DE CHACHAPOYAS": "MUNICIPALIDAD DISTRITAL DE SAN MARTIN DE PORRES"
 },
 {
   "AMAZONAS": "LIMA",
   "CHACHAPOYAS": "LIMA",
   "MUNICIPALIDAD PROVINCIAL DE CHACHAPOYAS": "MUNICIPALIDAD DISTRITAL DE SANTIAGO DE SURCO"
 },
 {
   "AMAZONAS": "LIMA",
   "CHACHAPOYAS": "LIMA",
   "MUNICIPALIDAD PROVINCIAL DE CHACHAPOYAS": "MUNICIPALIDAD DISTRITAL DE VILLA EL SALVADOR"
 },
 {
   "AMAZONAS": "LIMA",
   "CHACHAPOYAS": "LIMA",
   "MUNICIPALIDAD PROVINCIAL DE CHACHAPOYAS": "MUNICIPALIDAD DISTRITAL DE VILLA MARIA DEL TRIUNFO"
 },
 {
   "AMAZONAS": "LIMA",
   "CHACHAPOYAS": "BARRANCA",
   "MUNICIPALIDAD PROVINCIAL DE CHACHAPOYAS": "MUNICIPALIDAD PROVINCIAL DE BARRANCA"
 },
 {
   "AMAZONAS": "LIMA",
   "CHACHAPOYAS": "CANTA",
   "MUNICIPALIDAD PROVINCIAL DE CHACHAPOYAS": "MUNICIPALIDAD DISTRITAL DE SANTA ROSA DE QUIVES"
 },
 {
   "AMAZONAS": "LIMA",
   "CHACHAPOYAS": "CANETE",
   "MUNICIPALIDAD PROVINCIAL DE CHACHAPOYAS": "MUNICIPALIDAD PROVINCIAL DE CAÑETE - SAN VICENTE DE CAÑETE"
 },
 {
   "AMAZONAS": "LIMA",
   "CHACHAPOYAS": "HUARAL",
   "MUNICIPALIDAD PROVINCIAL DE CHACHAPOYAS": "MUNICIPALIDAD PROVINCIAL DE HUARAL"
 },
 {
   "AMAZONAS": "LIMA",
   "CHACHAPOYAS": "HUARAL",
   "MUNICIPALIDAD PROVINCIAL DE CHACHAPOYAS": "MUNICIPALIDAD DISTRITAL DE CHANCAY"
 },
 {
   "AMAZONAS": "LIMA",
   "CHACHAPOYAS": "HUAURA",
   "MUNICIPALIDAD PROVINCIAL DE CHACHAPOYAS": "MUNICIPALIDAD PROVINCIAL DE HUAURA"
 },
 {
   "AMAZONAS": "LIMA",
   "CHACHAPOYAS": "YAUYOS",
   "MUNICIPALIDAD PROVINCIAL DE CHACHAPOYAS": "MUNICIPALIDAD PROVINCIAL DE YAUYOS"
 },
 {
   "AMAZONAS": "LORETO",
   "CHACHAPOYAS": "MAYNAS",
   "MUNICIPALIDAD PROVINCIAL DE CHACHAPOYAS": "MUNICIPALIDAD PROVINCIAL DE MAYNAS - IQUITOS"
 },
 {
   "AMAZONAS": "LORETO",
   "CHACHAPOYAS": "MAYNAS",
   "MUNICIPALIDAD PROVINCIAL DE CHACHAPOYAS": "MUNICIPALIDAD DISTRITAL DE SAN JUAN BAUTISTA"
 },
 {
   "AMAZONAS": "LORETO",
   "CHACHAPOYAS": "ALTO AMAZONAS",
   "MUNICIPALIDAD PROVINCIAL DE CHACHAPOYAS": "MUNICIPALIDAD PROVINCIAL DEL ALTO AMAZONAS - YURIMAGUAS"
 },
 {
   "AMAZONAS": "LORETO",
   "CHACHAPOYAS": "ALTO AMAZONAS",
   "MUNICIPALIDAD PROVINCIAL DE CHACHAPOYAS": "MUNICIPALIDAD DISTRITAL DE BALSAPUERTO"
 },
 {
   "AMAZONAS": "LORETO",
   "CHACHAPOYAS": "LORETO",
   "MUNICIPALIDAD PROVINCIAL DE CHACHAPOYAS": "MUNICIPALIDAD PROVINCIAL DE LORETO - NAUTA"
 },
 {
   "AMAZONAS": "LORETO",
   "CHACHAPOYAS": "RAMON CASTILLA",
   "MUNICIPALIDAD PROVINCIAL DE CHACHAPOYAS": "MUNICIPALIDAD PROVINCIAL DE MARISCAL RAMON CASTILLA"
 },
 {
   "AMAZONAS": "LORETO",
   "CHACHAPOYAS": "REQUENA",
   "MUNICIPALIDAD PROVINCIAL DE CHACHAPOYAS": "MUNICIPALIDAD PROVINCIAL DE REQUENA"
 },
 {
   "AMAZONAS": "LORETO",
   "CHACHAPOYAS": "UCAYALI",
   "MUNICIPALIDAD PROVINCIAL DE CHACHAPOYAS": "MUNICIPALIDAD PROVINCIAL DE UCAYALI - CONTAMANA"
 },
 {
   "AMAZONAS": "LORETO",
   "CHACHAPOYAS": "UCAYALI",
   "MUNICIPALIDAD PROVINCIAL DE CHACHAPOYAS": "MUNICIPALIDAD DISTRITAL DE SARAYACU"
 },
 {
   "AMAZONAS": "LORETO",
   "CHACHAPOYAS": "DATEM DEL MARAÑON",
   "MUNICIPALIDAD PROVINCIAL DE CHACHAPOYAS": "MUNICIPALIDAD PROVINCIAL DE DATEM DEL MARAÑON"
 },
 {
   "AMAZONAS": "LORETO",
   "CHACHAPOYAS": "PUTUMAYO",
   "MUNICIPALIDAD PROVINCIAL DE CHACHAPOYAS": "MUNICIPALIDAD DISTRITAL DE YAGUAS"
 },
 {
   "AMAZONAS": "MADRE DE DIOS",
   "CHACHAPOYAS": "TAMBOPATA",
   "MUNICIPALIDAD PROVINCIAL DE CHACHAPOYAS": "MUNICIPALIDAD PROVINCIAL DE TAMBOPATA"
 },
 {
   "AMAZONAS": "MADRE DE DIOS",
   "CHACHAPOYAS": "TAHUAMANU",
   "MUNICIPALIDAD PROVINCIAL DE CHACHAPOYAS": "MUNICIPALIDAD DISTRITAL DE TAHUAMANU"
 },
 {
   "AMAZONAS": "MOQUEGUA",
   "CHACHAPOYAS": "MARISCAL NIETO",
   "MUNICIPALIDAD PROVINCIAL DE CHACHAPOYAS": "MUNICIPALIDAD PROVINCIAL DE MARISCAL NIETO - MOQUEGUA"
 },
 {
   "AMAZONAS": "MOQUEGUA",
   "CHACHAPOYAS": "MARISCAL NIETO",
   "MUNICIPALIDAD PROVINCIAL DE CHACHAPOYAS": "MUNICIPALIDAD DISTRITAL DE TORATA"
 },
 {
   "AMAZONAS": "MOQUEGUA",
   "CHACHAPOYAS": "MARISCAL NIETO",
   "MUNICIPALIDAD PROVINCIAL DE CHACHAPOYAS": "MUNICIPALIDAD DISTRITAL DE SAN ANTONIO"
 },
 {
   "AMAZONAS": "MOQUEGUA",
   "CHACHAPOYAS": "ILO",
   "MUNICIPALIDAD PROVINCIAL DE CHACHAPOYAS": "MUNICIPALIDAD PROVINCIAL DE ILO"
 },
 {
   "AMAZONAS": "MOQUEGUA",
   "CHACHAPOYAS": "ILO",
   "MUNICIPALIDAD PROVINCIAL DE CHACHAPOYAS": "MUNICIPALIDAD DISTRITAL DE EL ALGARROBAL"
 },
 {
   "AMAZONAS": "PASCO",
   "CHACHAPOYAS": "PASCO",
   "MUNICIPALIDAD PROVINCIAL DE CHACHAPOYAS": "MUNICIPALIDAD DISTRITAL DE PAUCARTAMBO"
 },
 {
   "AMAZONAS": "PASCO",
   "CHACHAPOYAS": "DANIEL A. CARRION",
   "MUNICIPALIDAD PROVINCIAL DE CHACHAPOYAS": "MUNICIPALIDAD PROVINCIAL DE DANIEL A. CARRION - YANAHUANCA"
 },
 {
   "AMAZONAS": "PASCO",
   "CHACHAPOYAS": "DANIEL A. CARRION",
   "MUNICIPALIDAD PROVINCIAL DE CHACHAPOYAS": "MUNICIPALIDAD DISTRITAL DE SANTA ANA DE TUSI"
 },
 {
   "AMAZONAS": "PASCO",
   "CHACHAPOYAS": "OXAPAMPA",
   "MUNICIPALIDAD PROVINCIAL DE CHACHAPOYAS": "MUNICIPALIDAD PROVINCIAL DE OXAPAMPA"
 },
 {
   "AMAZONAS": "PASCO",
   "CHACHAPOYAS": "OXAPAMPA",
   "MUNICIPALIDAD PROVINCIAL DE CHACHAPOYAS": "MUNICIPALIDAD DISTRITAL DE PUERTO BERMUDEZ"
 },
 {
   "AMAZONAS": "PIURA",
   "CHACHAPOYAS": "PIURA",
   "MUNICIPALIDAD PROVINCIAL DE CHACHAPOYAS": "MUNICIPALIDAD PROVINCIAL DE PIURA"
 },
 {
   "AMAZONAS": "PIURA",
   "CHACHAPOYAS": "PIURA",
   "MUNICIPALIDAD PROVINCIAL DE CHACHAPOYAS": "MUNICIPALIDAD DISTRITAL DE CASTILLA"
 },
 {
   "AMAZONAS": "PIURA",
   "CHACHAPOYAS": "PIURA",
   "MUNICIPALIDAD PROVINCIAL DE CHACHAPOYAS": "MUNICIPALIDAD DISTRITAL DE CATACAOS"
 },
 {
   "AMAZONAS": "PIURA",
   "CHACHAPOYAS": "PIURA",
   "MUNICIPALIDAD PROVINCIAL DE CHACHAPOYAS": "MUNICIPALIDAD DISTRITAL DE LA UNION"
 },
 {
   "AMAZONAS": "PIURA",
   "CHACHAPOYAS": "PIURA",
   "MUNICIPALIDAD PROVINCIAL DE CHACHAPOYAS": "MUNICIPALIDAD DISTRITAL DE LAS LOMAS"
 },
 {
   "AMAZONAS": "PIURA",
   "CHACHAPOYAS": "PIURA",
   "MUNICIPALIDAD PROVINCIAL DE CHACHAPOYAS": "MUNICIPALIDAD DISTRITAL DE TAMBO GRANDE"
 },
 {
   "AMAZONAS": "PIURA",
   "CHACHAPOYAS": "PIURA",
   "MUNICIPALIDAD PROVINCIAL DE CHACHAPOYAS": "MUNICIPALIDAD DISTRITAL VEINTISEIS DE OCTUBRE"
 },
 {
   "AMAZONAS": "PIURA",
   "CHACHAPOYAS": "AYABACA",
   "MUNICIPALIDAD PROVINCIAL DE CHACHAPOYAS": "MUNICIPALIDAD PROVINCIAL DE AYABACA"
 },
 {
   "AMAZONAS": "PIURA",
   "CHACHAPOYAS": "AYABACA",
   "MUNICIPALIDAD PROVINCIAL DE CHACHAPOYAS": "MUNICIPALIDAD DISTRITAL DE FRIAS"
 },
 {
   "AMAZONAS": "PIURA",
   "CHACHAPOYAS": "AYABACA",
   "MUNICIPALIDAD PROVINCIAL DE CHACHAPOYAS": "MUNICIPALIDAD DISTRITAL DE MONTERO"
 },
 {
   "AMAZONAS": "PIURA",
   "CHACHAPOYAS": "AYABACA",
   "MUNICIPALIDAD PROVINCIAL DE CHACHAPOYAS": "MUNICIPALIDAD DISTRITAL DE SUYO"
 },
 {
   "AMAZONAS": "PIURA",
   "CHACHAPOYAS": "HUANCABAMBA",
   "MUNICIPALIDAD PROVINCIAL DE CHACHAPOYAS": "MUNICIPALIDAD PROVINCIAL DE HUANCABAMBA"
 },
 {
   "AMAZONAS": "PIURA",
   "CHACHAPOYAS": "HUANCABAMBA",
   "MUNICIPALIDAD PROVINCIAL DE CHACHAPOYAS": "MUNICIPALIDAD DISTRITAL DE HUARMACA"
 },
 {
   "AMAZONAS": "PIURA",
   "CHACHAPOYAS": "MORROPON",
   "MUNICIPALIDAD PROVINCIAL DE CHACHAPOYAS": "MUNICIPALIDAD PROVINCIAL DE MORROPON - CHULUCANAS"
 },
 {
   "AMAZONAS": "PIURA",
   "CHACHAPOYAS": "MORROPON",
   "MUNICIPALIDAD PROVINCIAL DE CHACHAPOYAS": "MUNICIPALIDAD DISTRITAL DE CHALACO"
 },
 {
   "AMAZONAS": "PIURA",
   "CHACHAPOYAS": "PAITA",
   "MUNICIPALIDAD PROVINCIAL DE CHACHAPOYAS": "MUNICIPALIDAD PROVINCIAL DE PAITA"
 },
 {
   "AMAZONAS": "PIURA",
   "CHACHAPOYAS": "SULLANA",
   "MUNICIPALIDAD PROVINCIAL DE CHACHAPOYAS": "MUNICIPALIDAD PROVINCIAL DE SULLANA"
 },
 {
   "AMAZONAS": "PIURA",
   "CHACHAPOYAS": "TALARA",
   "MUNICIPALIDAD PROVINCIAL DE CHACHAPOYAS": "MUNICIPALIDAD PROVINCIAL DE TALARA - PARIÑAS"
 },
 {
   "AMAZONAS": "PIURA",
   "CHACHAPOYAS": "SECHURA",
   "MUNICIPALIDAD PROVINCIAL DE CHACHAPOYAS": "MUNICIPALIDAD PROVINCIAL DE SECHURA"
 },
 {
   "AMAZONAS": "PIURA",
   "CHACHAPOYAS": "SECHURA",
   "MUNICIPALIDAD PROVINCIAL DE CHACHAPOYAS": "MUNICIPALIDAD DISTRITAL DE BERNAL"
 },
 {
   "AMAZONAS": "PUNO",
   "CHACHAPOYAS": "PUNO",
   "MUNICIPALIDAD PROVINCIAL DE CHACHAPOYAS": "MUNICIPALIDAD PROVINCIAL DE PUNO"
 },
 {
   "AMAZONAS": "PUNO",
   "CHACHAPOYAS": "AZANGARO",
   "MUNICIPALIDAD PROVINCIAL DE CHACHAPOYAS": "MUNICIPALIDAD PROVINCIAL DE AZANGARO"
 },
 {
   "AMAZONAS": "PUNO",
   "CHACHAPOYAS": "AZANGARO",
   "MUNICIPALIDAD PROVINCIAL DE CHACHAPOYAS": "MUNICIPALIDAD DISTRITAL DE ASILLO"
 },
 {
   "AMAZONAS": "PUNO",
   "CHACHAPOYAS": "CARABAYA",
   "MUNICIPALIDAD PROVINCIAL DE CHACHAPOYAS": "MUNICIPALIDAD PROVINCIAL DE CARABAYA - MACUSANI"
 },
 {
   "AMAZONAS": "PUNO",
   "CHACHAPOYAS": "CARABAYA",
   "MUNICIPALIDAD PROVINCIAL DE CHACHAPOYAS": "MUNICIPALIDAD DISTRITAL DE AJOYANI"
 },
 {
   "AMAZONAS": "PUNO",
   "CHACHAPOYAS": "CARABAYA",
   "MUNICIPALIDAD PROVINCIAL DE CHACHAPOYAS": "MUNICIPALIDAD DISTRITAL DE AYAPATA"
 },
 {
   "AMAZONAS": "PUNO",
   "CHACHAPOYAS": "CARABAYA",
   "MUNICIPALIDAD PROVINCIAL DE CHACHAPOYAS": "MUNICIPALIDAD DISTRITAL DE CORANI"
 },
 {
   "AMAZONAS": "PUNO",
   "CHACHAPOYAS": "CARABAYA",
   "MUNICIPALIDAD PROVINCIAL DE CHACHAPOYAS": "MUNICIPALIDAD DISTRITAL DE SAN GABAN"
 },
 {
   "AMAZONAS": "PUNO",
   "CHACHAPOYAS": "CARABAYA",
   "MUNICIPALIDAD PROVINCIAL DE CHACHAPOYAS": "MUNICIPALIDAD DISTRITAL DE USICAYOS"
 },
 {
   "AMAZONAS": "PUNO",
   "CHACHAPOYAS": "CHUCUITO",
   "MUNICIPALIDAD PROVINCIAL DE CHACHAPOYAS": "MUNICIPALIDAD PROVINCIAL DE CHUCUITO - JULI"
 },
 {
   "AMAZONAS": "PUNO",
   "CHACHAPOYAS": "CHUCUITO",
   "MUNICIPALIDAD PROVINCIAL DE CHACHAPOYAS": "MUNICIPALIDAD DISTRITAL DE HUACULLANI"
 },
 {
   "AMAZONAS": "PUNO",
   "CHACHAPOYAS": "CHUCUITO",
   "MUNICIPALIDAD PROVINCIAL DE CHACHAPOYAS": "MUNICIPALIDAD DISTRITAL DE POMATA"
 },
 {
   "AMAZONAS": "PUNO",
   "CHACHAPOYAS": "CHUCUITO",
   "MUNICIPALIDAD PROVINCIAL DE CHACHAPOYAS": "MUNICIPALIDAD DISTRITAL DE ZEPITA"
 },
 {
   "AMAZONAS": "PUNO",
   "CHACHAPOYAS": "EL COLLAO",
   "MUNICIPALIDAD PROVINCIAL DE CHACHAPOYAS": "MUNICIPALIDAD PROVINCIAL EL COLLAO - ILAVE"
 },
 {
   "AMAZONAS": "PUNO",
   "CHACHAPOYAS": "HUANCANE",
   "MUNICIPALIDAD PROVINCIAL DE CHACHAPOYAS": "MUNICIPALIDAD PROVINCIAL DE HUANCANE"
 },
 {
   "AMAZONAS": "PUNO",
   "CHACHAPOYAS": "MELGAR",
   "MUNICIPALIDAD PROVINCIAL DE CHACHAPOYAS": "MUNICIPALIDAD PROVINCIAL DE MELGAR - AYAVIRI"
 },
 {
   "AMAZONAS": "PUNO",
   "CHACHAPOYAS": "MELGAR",
   "MUNICIPALIDAD PROVINCIAL DE CHACHAPOYAS": "MUNICIPALIDAD DISTRITAL DE ANTAUTA"
 },
 {
   "AMAZONAS": "PUNO",
   "CHACHAPOYAS": "MELGAR",
   "MUNICIPALIDAD PROVINCIAL DE CHACHAPOYAS": "MUNICIPALIDAD DISTRITAL DE SANTA ROSA"
 },
 {
   "AMAZONAS": "PUNO",
   "CHACHAPOYAS": "MELGAR",
   "MUNICIPALIDAD PROVINCIAL DE CHACHAPOYAS": "MUNICIPALIDAD DISTRITAL DE UMACHIRI"
 },
 {
   "AMAZONAS": "PUNO",
   "CHACHAPOYAS": "SAN ANTONIO DE PUTINA",
   "MUNICIPALIDAD PROVINCIAL DE CHACHAPOYAS": "MUNICIPALIDAD PROVINCIAL DE SAN ANTONIO DE PUTINA"
 },
 {
   "AMAZONAS": "PUNO",
   "CHACHAPOYAS": "SAN ANTONIO DE PUTINA",
   "MUNICIPALIDAD PROVINCIAL DE CHACHAPOYAS": "MUNICIPALIDAD DISTRITAL DE ANANEA"
 },
 {
   "AMAZONAS": "PUNO",
   "CHACHAPOYAS": "SAN ROMAN",
   "MUNICIPALIDAD PROVINCIAL DE CHACHAPOYAS": "MUNICIPALIDAD PROVINCIAL DE SAN ROMAN - JULIACA"
 },
 {
   "AMAZONAS": "PUNO",
   "CHACHAPOYAS": "SAN ROMAN",
   "MUNICIPALIDAD PROVINCIAL DE CHACHAPOYAS": "MUNICIPALIDAD DISTRITAL DE SAN MIGUEL"
 },
 {
   "AMAZONAS": "PUNO",
   "CHACHAPOYAS": "SANDIA",
   "MUNICIPALIDAD PROVINCIAL DE CHACHAPOYAS": "MUNICIPALIDAD PROVINCIAL DE SANDIA"
 },
 {
   "AMAZONAS": "SAN MARTIN",
   "CHACHAPOYAS": "MOYOBAMBA",
   "MUNICIPALIDAD PROVINCIAL DE CHACHAPOYAS": "MUNICIPALIDAD PROVINCIAL DE MOYOBAMBA"
 },
 {
   "AMAZONAS": "SAN MARTIN",
   "CHACHAPOYAS": "MOYOBAMBA",
   "MUNICIPALIDAD PROVINCIAL DE CHACHAPOYAS": "MUNICIPALIDAD DISTRITAL DE JEPELACIO"
 },
 {
   "AMAZONAS": "SAN MARTIN",
   "CHACHAPOYAS": "MOYOBAMBA",
   "MUNICIPALIDAD PROVINCIAL DE CHACHAPOYAS": "MUNICIPALIDAD DISTRITAL DE SORITOR"
 },
 {
   "AMAZONAS": "SAN MARTIN",
   "CHACHAPOYAS": "MARISCAL CACERES",
   "MUNICIPALIDAD PROVINCIAL DE CHACHAPOYAS": "MUNICIPALIDAD PROVINCIAL DE MARISCAL CACERES - JUANJUI"
 },
 {
   "AMAZONAS": "SAN MARTIN",
   "CHACHAPOYAS": "PICOTA",
   "MUNICIPALIDAD PROVINCIAL DE CHACHAPOYAS": "MUNICIPALIDAD PROVINCIAL DE PICOTA"
 },
 {
   "AMAZONAS": "SAN MARTIN",
   "CHACHAPOYAS": "PICOTA",
   "MUNICIPALIDAD PROVINCIAL DE CHACHAPOYAS": "MUNICIPALIDAD DISTRITAL DE PUCACACA"
 },
 {
   "AMAZONAS": "SAN MARTIN",
   "CHACHAPOYAS": "RIOJA",
   "MUNICIPALIDAD PROVINCIAL DE CHACHAPOYAS": "MUNICIPALIDAD DISTRITAL DE AWAJUN"
 },
 {
   "AMAZONAS": "SAN MARTIN",
   "CHACHAPOYAS": "RIOJA",
   "MUNICIPALIDAD PROVINCIAL DE CHACHAPOYAS": "MUNICIPALIDAD DISTRITAL DE NUEVA CAJAMARCA"
 },
 {
   "AMAZONAS": "SAN MARTIN",
   "CHACHAPOYAS": "SAN MARTIN",
   "MUNICIPALIDAD PROVINCIAL DE CHACHAPOYAS": "MUNICIPALIDAD PROVINCIAL DE SAN MARTIN - TARAPOTO"
 },
 {
   "AMAZONAS": "SAN MARTIN",
   "CHACHAPOYAS": "SAN MARTIN",
   "MUNICIPALIDAD PROVINCIAL DE CHACHAPOYAS": "MUNICIPALIDAD DISTRITAL DE LA BANDA DE SHILCAYO"
 },
 {
   "AMAZONAS": "SAN MARTIN",
   "CHACHAPOYAS": "SAN MARTIN",
   "MUNICIPALIDAD PROVINCIAL DE CHACHAPOYAS": "MUNICIPALIDAD DISTRITAL DE MORALES"
 },
 {
   "AMAZONAS": "SAN MARTIN",
   "CHACHAPOYAS": "TOCACHE",
   "MUNICIPALIDAD PROVINCIAL DE CHACHAPOYAS": "MUNICIPALIDAD PROVINCIAL DE TOCACHE"
 },
 {
   "AMAZONAS": "TACNA",
   "CHACHAPOYAS": "TACNA",
   "MUNICIPALIDAD PROVINCIAL DE CHACHAPOYAS": "MUNICIPALIDAD PROVINCIAL DE TACNA"
 },
 {
   "AMAZONAS": "TACNA",
   "CHACHAPOYAS": "TACNA",
   "MUNICIPALIDAD PROVINCIAL DE CHACHAPOYAS": "MUNICIPALIDAD DISTRITAL DE ALTO DE LA ALIANZA"
 },
 {
   "AMAZONAS": "TACNA",
   "CHACHAPOYAS": "TACNA",
   "MUNICIPALIDAD PROVINCIAL DE CHACHAPOYAS": "MUNICIPALIDAD DISTRITAL DE CIUDAD NUEVA"
 },
 {
   "AMAZONAS": "TACNA",
   "CHACHAPOYAS": "TACNA",
   "MUNICIPALIDAD PROVINCIAL DE CHACHAPOYAS": "MUNICIPALIDAD DISTRITAL DE CORONEL GREGORIO ALBARRACIN LANCHIPA"
 },
 {
   "AMAZONAS": "TACNA",
   "CHACHAPOYAS": "JORGE BASADRE",
   "MUNICIPALIDAD PROVINCIAL DE CHACHAPOYAS": "MUNICIPALIDAD PROVINCIAL DE JORGE BASADRE - LOCUMBA"
 },
 {
   "AMAZONAS": "TACNA",
   "CHACHAPOYAS": "JORGE BASADRE",
   "MUNICIPALIDAD PROVINCIAL DE CHACHAPOYAS": "MUNICIPALIDAD DISTRITAL DE ILABAYA"
 },
 {
   "AMAZONAS": "TACNA",
   "CHACHAPOYAS": "JORGE BASADRE",
   "MUNICIPALIDAD PROVINCIAL DE CHACHAPOYAS": "MUNICIPALIDAD DISTRITAL DE ITE"
 },
 {
   "AMAZONAS": "TUMBES",
   "CHACHAPOYAS": "TUMBES",
   "MUNICIPALIDAD PROVINCIAL DE CHACHAPOYAS": "MUNICIPALIDAD PROVINCIAL DE TUMBES"
 },
 {
   "AMAZONAS": "TUMBES",
   "CHACHAPOYAS": "CONTRALMIRANTE VILLAR",
   "MUNICIPALIDAD PROVINCIAL DE CHACHAPOYAS": "MUNICIPALIDAD DISTRITAL CANOAS DE PUNTA SAL"
 },
 {
   "AMAZONAS": "TUMBES",
   "CHACHAPOYAS": "ZARUMILLA",
   "MUNICIPALIDAD PROVINCIAL DE CHACHAPOYAS": "MUNICIPALIDAD PROVINCIAL DE ZARUMILLA"
 },
 {
   "AMAZONAS": "UCAYALI",
   "CHACHAPOYAS": "CORONEL PORTILLO",
   "MUNICIPALIDAD PROVINCIAL DE CHACHAPOYAS": "MUNICIPALIDAD PROVINCIAL DE CORONEL PORTILLO"
 },
 {
   "AMAZONAS": "UCAYALI",
   "CHACHAPOYAS": "CORONEL PORTILLO",
   "MUNICIPALIDAD PROVINCIAL DE CHACHAPOYAS": "MUNICIPALIDAD DISTRITAL DE MANANTAY"
 },
 {
   "AMAZONAS": "UCAYALI",
   "CHACHAPOYAS": "ATALAYA",
   "MUNICIPALIDAD PROVINCIAL DE CHACHAPOYAS": "MUNICIPALIDAD PROVINCIAL DE ATALAYA - RAYMONDI"
 },
 {
   "AMAZONAS": "UCAYALI",
   "CHACHAPOYAS": "ATALAYA",
   "MUNICIPALIDAD PROVINCIAL DE CHACHAPOYAS": "MUNICIPALIDAD DISTRITAL DE TAHUANIA"
 },
 {
   "AMAZONAS": "UCAYALI",
   "CHACHAPOYAS": "PADRE ABAD",
   "MUNICIPALIDAD PROVINCIAL DE CHACHAPOYAS": "MUNICIPALIDAD PROVINCIAL DE PADRE ABAD - AGUAITIA"
 },
 {
   "AMAZONAS": "UCAYALI",
   "CHACHAPOYAS": "PADRE ABAD",
   "MUNICIPALIDAD PROVINCIAL DE CHACHAPOYAS": "MUNICIPALIDAD DISTRITAL DE ALEXANDER VON HUMBOLDT"
 }
]